{
  "train_loss": [
    1.3441785573699994,
    0.6642216546072626,
    0.6017346324390873,
    0.5792244645024031,
    0.5617812156538922,
    0.5470939082355528,
    0.5327531864855943,
    0.5197592066520275,
    0.5162958524252905,
    0.5017362441566358
  ],
  "train_acc": [
    0.614112698527812,
    0.6697367466821379,
    0.6936688664877801,
    0.7105663935020669,
    0.7205743708753354,
    0.7305098266734353,
    0.7417506708245704,
    0.752121256073682,
    0.7537167307273914,
    0.7597360214663863
  ],
  "val_loss": [
    0.0,
    0.0,
    0.0,
    0.0,
    0.0,
    0.0,
    0.0,
    0.0,
    0.0,
    0.0
  ],
  "val_acc": [
    0.0,
    0.0,
    0.0,
    0.0,
    0.0,
    0.0,
    0.0,
    0.0,
    0.0,
    0.0
  ]
}