{
  "train_loss": [
    0.35163872088683984,
    0.17669261300716738,
    0.16120395732493975,
    0.15109164194865568,
    0.14390690040500992,
    0.14067394598799648,
    0.13926262169184303,
    0.13641613671782546,
    0.13433898412824477,
    0.13196419533535556
  ],
  "train_acc": [
    0.8321930360415394,
    0.9293830177153329,
    0.9367745876603543,
    0.9393402565668907,
    0.9427000610873549,
    0.9450824679291386,
    0.9450213805742211,
    0.9464874770922419,
    0.9473427000610873,
    0.9494807574832009
  ],
  "val_loss": [
    0.0,
    0.0,
    0.0,
    0.0,
    0.0,
    0.0,
    0.0,
    0.0,
    0.0,
    0.0
  ],
  "val_acc": [
    0.0,
    0.0,
    0.0,
    0.0,
    0.0,
    0.0,
    0.0,
    0.0,
    0.0,
    0.0
  ]
}