{
  "train_loss": [
    1.5079912561506779,
    0.6965784113412941,
    0.6246775734179152,
    0.587855492686972,
    0.571553250474953,
    0.5578620235675041,
    0.5476868756186363,
    0.5386349770224197,
    0.5343220263607396,
    0.5245447793918979
  ],
  "train_acc": [
    0.6081470002213859,
    0.6514279388974984,
    0.6849678990480408,
    0.7076599512951074,
    0.7169581580695151,
    0.7220500332078813,
    0.7296878459154306,
    0.7368828868718176,
    0.7381005091875138,
    0.7523798981624973
  ],
  "val_loss": [
    0.0,
    0.0,
    0.0,
    0.0,
    0.0,
    0.0,
    0.0,
    0.0,
    0.0,
    0.0
  ],
  "val_acc": [
    0.0,
    0.0,
    0.0,
    0.0,
    0.0,
    0.0,
    0.0,
    0.0,
    0.0,
    0.0
  ]
}