{
  "train_loss": [
    0.515047957116863,
    0.450054509704564,
    0.4357464263139101,
    0.4179758017529387,
    0.409752100614799,
    0.39703046761972427,
    0.39119578944745037,
    0.38377170656936826,
    0.38107685040599815,
    0.38011276546199013,
    0.3733984088681625,
    0.3692336745307188,
    0.36709289163358666,
    0.36014123739927195,
    0.35844481787968874,
    0.36190501105764067,
    0.36212106865067734,
    0.3548868212783279,
    0.35719622070155704,
    0.35297596440164297
  ],
  "train_acc": [
    0.7258105693132499,
    0.7709982129180495,
    0.7789124329844268,
    0.7845289762573397,
    0.7944855756956855,
    0.8026550931835589,
    0.7998468215471024,
    0.8090375287209599,
    0.8080163390349757,
    0.8110799080929283,
    0.8090375287209599,
    0.8184835333163135,
    0.8169517487873372,
    0.8225682920602502,
    0.8294613224406433,
    0.8238447791677304,
    0.8230788869032423,
    0.8297166198621394,
    0.827418943068675,
    0.8381414347715088
  ],
  "val_loss": [
    0.0,
    0.0,
    0.0,
    0.0,
    0.0,
    0.0,
    0.0,
    0.0,
    0.0,
    0.0,
    0.0,
    0.0,
    0.0,
    0.0,
    0.0,
    0.0,
    0.0,
    0.0,
    0.0,
    0.0
  ],
  "val_acc": [
    0.0,
    0.0,
    0.0,
    0.0,
    0.0,
    0.0,
    0.0,
    0.0,
    0.0,
    0.0,
    0.0,
    0.0,
    0.0,
    0.0,
    0.0,
    0.0,
    0.0,
    0.0,
    0.0,
    0.0
  ]
}