{
  "train_loss": [
    1.4251692044107538,
    1.040255035579341,
    0.8165267526694239,
    0.7581675403996517,
    0.6573493105323146,
    0.6235242497048061,
    0.6011332271846536,
    0.5509592807402054,
    0.5198468481648705,
    0.4951552140494506
  ],
  "train_acc": [
    0.49153318077803204,
    0.559725400457666,
    0.6430205949656751,
    0.6695652173913044,
    0.7006864988558352,
    0.7139588100686499,
    0.7162471395881007,
    0.7272311212814645,
    0.7318077803203661,
    0.7391304347826086
  ],
  "val_loss": [
    0.0,
    0.0,
    0.0,
    0.0,
    0.0,
    0.0,
    0.0,
    0.0,
    0.0,
    0.0
  ],
  "val_acc": [
    0.0,
    0.0,
    0.0,
    0.0,
    0.0,
    0.0,
    0.0,
    0.0,
    0.0,
    0.0
  ]
}