{
  "train_loss": [
    1.784195187256972,
    0.4960249179997183,
    0.395011789412937,
    0.35506063066761206,
    0.3427051833997089,
    0.325525190205735,
    0.3233040986210975,
    0.3183015648047499,
    0.30557928127931633,
    0.30372255535703047
  ],
  "train_acc": [
    0.809545983701979,
    0.8724563445867287,
    0.880325960419092,
    0.8821420256111758,
    0.8827473806752038,
    0.8833993015133876,
    0.8819557625145518,
    0.8833993015133876,
    0.8840977881257276,
    0.8839580908032596
  ],
  "val_loss": [
    0.0,
    0.0,
    0.0,
    0.0,
    0.0,
    0.0,
    0.0,
    0.0,
    0.0,
    0.0
  ],
  "val_acc": [
    0.0,
    0.0,
    0.0,
    0.0,
    0.0,
    0.0,
    0.0,
    0.0,
    0.0,
    0.0
  ]
}