{
  "train_loss": [
    1.2309075956759246,
    0.8266365185209488,
    0.6494351281181353,
    0.5500894625617928,
    0.5188289900939034,
    0.49212667178234737,
    0.44971175304266625,
    0.420857760835294,
    0.38618274721182727,
    0.38436753607996543
  ],
  "train_acc": [
    0.531350114416476,
    0.6535469107551487,
    0.7066361556064074,
    0.7329519450800915,
    0.7501144164759725,
    0.7649885583524028,
    0.7800915331807781,
    0.8139588100686499,
    0.8331807780320366,
    0.8553775743707094
  ],
  "val_loss": [
    0.0,
    0.0,
    0.0,
    0.0,
    0.0,
    0.0,
    0.0,
    0.0,
    0.0,
    0.0
  ],
  "val_acc": [
    0.0,
    0.0,
    0.0,
    0.0,
    0.0,
    0.0,
    0.0,
    0.0,
    0.0,
    0.0
  ]
}