{
  "train_loss": [
    1.1698470501832559,
    1.1171206386995987,
    1.0773206227262255,
    1.0571638966949892,
    1.0312121518900697,
    1.003726512613431,
    0.9679243975961712,
    0.9400771319026678,
    0.9116778835444383,
    0.8859445419110042,
    0.8597708831370716,
    0.8358683930316442,
    0.812047304401935,
    0.7924655726258184,
    0.7686577607208575,
    0.7480351731810772,
    0.7279563277540072,
    0.7066855959489312,
    0.6877654186436828,
    0.6715381271402601
  ],
  "train_acc": [
    0.3380281690140845,
    0.3380281690140845,
    0.3380281690140845,
    0.3380281690140845,
    0.4225352112676056,
    0.4225352112676056,
    0.36619718309859156,
    0.6619718309859155,
    0.676056338028169,
    0.676056338028169,
    0.676056338028169,
    0.676056338028169,
    0.676056338028169,
    0.704225352112676,
    0.704225352112676,
    0.704225352112676,
    0.7605633802816901,
    0.7605633802816901,
    0.6901408450704225,
    0.676056338028169
  ],
  "val_loss": [
    0.0,
    0.0,
    0.0,
    0.0,
    0.0,
    0.0,
    0.0,
    0.0,
    0.0,
    0.0,
    0.0,
    0.0,
    0.0,
    0.0,
    0.0,
    0.0,
    0.0,
    0.0,
    0.0,
    0.0
  ],
  "val_acc": [
    0.0,
    0.0,
    0.0,
    0.0,
    0.0,
    0.0,
    0.0,
    0.0,
    0.0,
    0.0,
    0.0,
    0.0,
    0.0,
    0.0,
    0.0,
    0.0,
    0.0,
    0.0,
    0.0,
    0.0
  ]
}