{
  "train_loss": [
    1.5766021891306805,
    0.4984430045850815,
    0.2469646340141648,
    0.1616482505097001,
    0.11991175187439779
  ],
  "train_acc": [
    0.5952380952380952,
    0.8755760368663594,
    0.9339477726574501,
    0.9585253456221198,
    0.9761904761904762
  ],
  "val_loss": [
    0.0,
    0.0,
    0.0,
    0.0,
    0.0
  ],
  "val_acc": [
    0.0,
    0.0,
    0.0,
    0.0,
    0.0
  ]
}