{
  "experiment_name": "covertype_72_22_5",
  "dataset": "covertype",
  "splits": {
    "test_size": 0.05,
    "val_size": 0.0,
    "residual_size": 0.225
  },
  "split_counts": {
    "train": 421233,
    "val": 0,
    "residual": 130728,
    "test": 29051
  },
  "seed": 46,
  "config_snapshot": {
    "experiment_name": "covertype_72_22_5",
    "seed": 46,
    "base_output_dir": ".",
    "dataset": {
      "name": "covertype"
    },
    "splits": {
      "test_size": 0.05,
      "val_size": 0.0,
      "residual_size": 0.225,
      "random_state": 42,
      "stratify": true
    },
    "model": {
      "type": "mlp",
      "hidden_layers": [
        256,
        128
      ],
      "activation": "relu",
      "dropout": 0.1
    },
    "training": {
      "batch_size": 256,
      "num_epochs": 5,
      "learning_rate": 0.001,
      "weight_decay": 0.0,
      "device": "cpu"
    },
    "ic_generation": {
      "miner": "cluster",
      "rf_n_estimators": 100,
      "rf_max_depth": 12,
      "rf_min_samples_leaf": 20,
      "rf_random_state": 42,
      "min_error_fraction": 0.3,
      "min_support": 40,
      "error_class_weight": 10.0
    },
    "ic_application": {
      "mode": "correction"
    }
  },
  "metrics_val": null,
  "metrics_pre": {
    "accuracy": 0.7308870606863791,
    "precision": 0.7413827409862409,
    "recall": 0.7308870606863791,
    "f1": 0.7155480713419331,
    "confusion_matrix": [
      [
        6543,
        4030,
        3,
        0,
        0,
        1,
        15
      ],
      [
        1277,
        12606,
        183,
        0,
        2,
        96,
        1
      ],
      [
        0,
        177,
        1402,
        5,
        0,
        204,
        0
      ],
      [
        0,
        0,
        81,
        40,
        0,
        16,
        0
      ],
      [
        10,
        425,
        15,
        0,
        22,
        3,
        0
      ],
      [
        1,
        193,
        370,
        4,
        0,
        300,
        0
      ],
      [
        676,
        29,
        1,
        0,
        0,
        0,
        320
      ]
    ],
    "num_errors": 7818,
    "error_rate": 0.26911293931362085
  },
  "metrics_post": {
    "accuracy": 0.7466868610374858,
    "precision": 0.7554788787463576,
    "recall": 0.7466868610374858,
    "f1": 0.7320090217316704,
    "confusion_matrix": [
      [
        7002,
        3574,
        3,
        0,
        0,
        1,
        12
      ],
      [
        1465,
        12606,
        65,
        0,
        2,
        27,
        0
      ],
      [
        274,
        85,
        1402,
        2,
        0,
        25,
        0
      ],
      [
        41,
        0,
        47,
        40,
        0,
        9,
        0
      ],
      [
        154,
        292,
        5,
        0,
        22,
        2,
        0
      ],
      [
        352,
        123,
        91,
        2,
        0,
        300,
        0
      ],
      [
        676,
        29,
        1,
        0,
        0,
        0,
        320
      ]
    ],
    "num_errors": 7359,
    "error_rate": 0.2533131389625142
  },
  "baseline_rf": null,
  "ic": {
    "mode": "correction",
    "num_rules": 1,
    "fraction_flagged": 0.061099445802209905
  },
  "timing": {
    "train_seconds": 13.876112291999561,
    "ic_generation_seconds": 2.4599115830005758,
    "ic_application_seconds": 0.012728374999824155
  },
  "model_complexity": {
    "nn_num_params": 47879,
    "nn_flops_approx": 94976,
    "ic_rf": null
  }
}