{
  "train_loss": [
    1.8757009710264934,
    0.8319096347930702,
    0.3925884172477588,
    0.2394096350683836,
    0.16732313456876335
  ],
  "train_acc": [
    0.4806565064478312,
    0.8405627198124267,
    0.9038686987104337,
    0.936694021101993,
    0.9648300117233294
  ],
  "val_loss": [
    0.0,
    0.0,
    0.0,
    0.0,
    0.0
  ],
  "val_acc": [
    0.0,
    0.0,
    0.0,
    0.0,
    0.0
  ]
}