{
  "train_loss": [
    1.175429692974797,
    1.0936014122433133,
    1.0516116310048986,
    1.008590402426543,
    0.9690263867378235,
    0.9273535697548477,
    0.8897739405985232,
    0.8519430977326853,
    0.817579448223114,
    0.7849938869476318,
    0.7530903970753705,
    0.7233233893359149,
    0.694927904340956,
    0.6698842909600999,
    0.6459145082367791,
    0.6271776181680185,
    0.6092993087238736,
    0.5906166345984848,
    0.576842482443209,
    0.5606684132858559
  ],
  "train_acc": [
    0.3333333333333333,
    0.3333333333333333,
    0.3425925925925926,
    0.4074074074074074,
    0.3611111111111111,
    0.6574074074074074,
    0.6666666666666666,
    0.6666666666666666,
    0.6666666666666666,
    0.7314814814814815,
    0.7407407407407407,
    0.75,
    0.6851851851851852,
    0.6759259259259259,
    0.6851851851851852,
    0.7314814814814815,
    0.8518518518518519,
    0.8796296296296297,
    0.7962962962962963,
    0.8240740740740741
  ],
  "val_loss": [
    0.0,
    0.0,
    0.0,
    0.0,
    0.0,
    0.0,
    0.0,
    0.0,
    0.0,
    0.0,
    0.0,
    0.0,
    0.0,
    0.0,
    0.0,
    0.0,
    0.0,
    0.0,
    0.0,
    0.0
  ],
  "val_acc": [
    0.0,
    0.0,
    0.0,
    0.0,
    0.0,
    0.0,
    0.0,
    0.0,
    0.0,
    0.0,
    0.0,
    0.0,
    0.0,
    0.0,
    0.0,
    0.0,
    0.0,
    0.0,
    0.0,
    0.0
  ]
}