{
  "train_loss": [
    1.5272176550221535,
    0.8049657607226391,
    0.7492783627836812,
    0.7142368321532439,
    0.6750923390761857
  ],
  "train_acc": [
    0.5545743092302835,
    0.6583411081278058,
    0.6829972960333117,
    0.698091080233505,
    0.7123563443509886
  ],
  "val_loss": [
    0.0,
    0.0,
    0.0,
    0.0,
    0.0
  ],
  "val_acc": [
    0.0,
    0.0,
    0.0,
    0.0,
    0.0
  ]
}