{
  "experiment_name": "covertype_47_47_5",
  "dataset": "covertype",
  "splits": {
    "test_size": 0.05,
    "val_size": 0.0,
    "residual_size": 0.475
  },
  "split_counts": {
    "train": 275980,
    "val": 0,
    "residual": 275981,
    "test": 29051
  },
  "seed": 46,
  "config_snapshot": {
    "experiment_name": "covertype_47_47_5",
    "seed": 46,
    "base_output_dir": ".",
    "dataset": {
      "name": "covertype"
    },
    "splits": {
      "test_size": 0.05,
      "val_size": 0.0,
      "residual_size": 0.475,
      "random_state": 42,
      "stratify": true
    },
    "model": {
      "type": "mlp",
      "hidden_layers": [
        128,
        64
      ],
      "activation": "relu",
      "dropout": 0.3
    },
    "training": {
      "batch_size": 512,
      "num_epochs": 3,
      "learning_rate": 0.001,
      "weight_decay": 0.0001,
      "device": "cpu"
    },
    "ic_generation": {
      "miner": "cluster",
      "rf_n_estimators": 100,
      "rf_max_depth": 12,
      "rf_min_samples_leaf": 20,
      "rf_random_state": 42,
      "min_error_fraction": 0.3,
      "min_support": 50,
      "error_class_weight": 10.0
    },
    "ic_application": {
      "mode": "correction"
    }
  },
  "metrics_val": null,
  "metrics_pre": {
    "accuracy": 0.6485835255240784,
    "precision": 0.6050798786932672,
    "recall": 0.6485835255240784,
    "f1": 0.6198188622703771,
    "confusion_matrix": [
      [
        8367,
        2223,
        2,
        0,
        0,
        0,
        0
      ],
      [
        4628,
        9132,
        405,
        0,
        0,
        0,
        0
      ],
      [
        0,
        445,
        1343,
        0,
        0,
        0,
        0
      ],
      [
        0,
        2,
        135,
        0,
        0,
        0,
        0
      ],
      [
        22,
        434,
        19,
        0,
        0,
        0,
        0
      ],
      [
        6,
        343,
        519,
        0,
        0,
        0,
        0
      ],
      [
        1014,
        12,
        0,
        0,
        0,
        0,
        0
      ]
    ],
    "num_errors": 10209,
    "error_rate": 0.35141647447592167
  },
  "metrics_post": {
    "accuracy": 0.8128463736188083,
    "precision": 0.7668129646005857,
    "recall": 0.8128463736188083,
    "f1": 0.7774601317638158,
    "confusion_matrix": [
      [
        8367,
        2224,
        1,
        0,
        0,
        0,
        0
      ],
      [
        246,
        13904,
        15,
        0,
        0,
        0,
        0
      ],
      [
        0,
        445,
        1343,
        0,
        0,
        0,
        0
      ],
      [
        0,
        86,
        51,
        0,
        0,
        0,
        0
      ],
      [
        2,
        472,
        1,
        0,
        0,
        0,
        0
      ],
      [
        0,
        823,
        45,
        0,
        0,
        0,
        0
      ],
      [
        57,
        969,
        0,
        0,
        0,
        0,
        0
      ]
    ],
    "num_errors": 5437,
    "error_rate": 0.1871536263811917
  },
  "baseline_rf": null,
  "ic": {
    "mode": "correction",
    "num_rules": 8,
    "fraction_flagged": 0.31603042924512065
  },
  "timing": {
    "train_seconds": 3.415732958999797,
    "ic_generation_seconds": 3.7885074999994686,
    "ic_application_seconds": 0.048698083000090264
  },
  "model_complexity": {
    "nn_num_params": 15751,
    "nn_flops_approx": 31104,
    "ic_rf": null
  }
}