{
  "train_loss": [
    0.29721602300842626,
    0.16150695434765888,
    0.14958728965704926,
    0.1433039916069315,
    0.14171637903624917,
    0.13728795876344974,
    0.13432332893859908,
    0.13201378386196044,
    0.12865915108717518,
    0.12691045806729115
  ],
  "train_acc": [
    0.8652845593532378,
    0.9367645881693748,
    0.9403666052989674,
    0.9438885776034579,
    0.9425278155767229,
    0.9466101016569278,
    0.9478908188585607,
    0.9488513567597855,
    0.9506123429120308,
    0.9512126791002962
  ],
  "val_loss": [
    0.0,
    0.0,
    0.0,
    0.0,
    0.0,
    0.0,
    0.0,
    0.0,
    0.0,
    0.0
  ],
  "val_acc": [
    0.0,
    0.0,
    0.0,
    0.0,
    0.0,
    0.0,
    0.0,
    0.0,
    0.0,
    0.0
  ]
}