{
  "train_loss": [
    3.882249764436801,
    1.6734658860595975,
    1.5361498555488136,
    1.5997093104751858,
    1.1467133661699014,
    1.247075535136567,
    1.1572767136364999,
    0.987250859568105,
    1.01873820455822,
    1.0307857207292637
  ],
  "train_acc": [
    0.3431952662721893,
    0.31952662721893493,
    0.35502958579881655,
    0.33727810650887574,
    0.4970414201183432,
    0.3076923076923077,
    0.3668639053254438,
    0.40236686390532544,
    0.4970414201183432,
    0.38461538461538464
  ],
  "val_loss": [
    0.0,
    0.0,
    0.0,
    0.0,
    0.0,
    0.0,
    0.0,
    0.0,
    0.0,
    0.0
  ],
  "val_acc": [
    0.0,
    0.0,
    0.0,
    0.0,
    0.0,
    0.0,
    0.0,
    0.0,
    0.0,
    0.0
  ]
}