{
  "train_loss": [
    1.056630394446281,
    0.38711682253583346,
    0.3389196778911928,
    0.3171550235259797,
    0.30942354706169145,
    0.30129035693802575,
    0.2946227457678776,
    0.2937057526799936,
    0.28859316023042786,
    0.2860787020032148
  ],
  "train_acc": [
    0.8404656577415599,
    0.8808847497089639,
    0.8837718277066356,
    0.8849126891734576,
    0.8842142025611176,
    0.8842840512223515,
    0.8847264260768335,
    0.8851222351571595,
    0.8849126891734576,
    0.8851222351571595
  ],
  "val_loss": [
    0.0,
    0.0,
    0.0,
    0.0,
    0.0,
    0.0,
    0.0,
    0.0,
    0.0,
    0.0
  ],
  "val_acc": [
    0.0,
    0.0,
    0.0,
    0.0,
    0.0,
    0.0,
    0.0,
    0.0,
    0.0,
    0.0
  ]
}