{
  "train_loss": [
    3.7551748752593994,
    2.7051246762275696,
    2.2042585611343384,
    1.9525285363197327,
    1.3115420937538147,
    1.7238904237747192,
    1.1234206557273865,
    1.3110644221305847,
    1.0928886532783508,
    1.1562467217445374
  ],
  "train_acc": [
    0.421875,
    0.328125,
    0.2734375,
    0.296875,
    0.3828125,
    0.328125,
    0.4765625,
    0.28125,
    0.3984375,
    0.375
  ],
  "val_loss": [
    0.0,
    0.0,
    0.0,
    0.0,
    0.0,
    0.0,
    0.0,
    0.0,
    0.0,
    0.0
  ],
  "val_acc": [
    0.0,
    0.0,
    0.0,
    0.0,
    0.0,
    0.0,
    0.0,
    0.0,
    0.0,
    0.0
  ]
}