{
  "train_loss": [
    1.1382107206323546,
    0.6125973008494299,
    0.5749565350790994,
    0.5491412649237,
    0.5364337331944281,
    0.52121221979281,
    0.5095896592186512,
    0.5009312847168089,
    0.4854651582155951,
    0.48274365807550734
  ],
  "train_acc": [
    0.6285904034534285,
    0.687475787259948,
    0.7123803198848857,
    0.7273783828656816,
    0.7391665283081521,
    0.7474680391831313,
    0.7563229841164425,
    0.767834412529747,
    0.7747523382588964,
    0.775195085505562
  ],
  "val_loss": [
    0.0,
    0.0,
    0.0,
    0.0,
    0.0,
    0.0,
    0.0,
    0.0,
    0.0,
    0.0
  ],
  "val_acc": [
    0.0,
    0.0,
    0.0,
    0.0,
    0.0,
    0.0,
    0.0,
    0.0,
    0.0,
    0.0
  ]
}