{
  "train_loss": [
    12.097169578953793,
    9.939665975068745,
    6.527134746752287,
    4.812793498792146,
    4.3291975749166385,
    3.7251463824824285,
    2.9079193817941764,
    2.5828254790055123,
    1.6688547194631476,
    1.6225765925959537
  ],
  "train_acc": [
    0.5757894736842105,
    0.54,
    0.5336842105263158,
    0.5842105263157895,
    0.5505263157894736,
    0.5568421052631579,
    0.5631578947368421,
    0.5347368421052632,
    0.588421052631579,
    0.6031578947368421
  ],
  "val_loss": [
    0.0,
    0.0,
    0.0,
    0.0,
    0.0,
    0.0,
    0.0,
    0.0,
    0.0,
    0.0
  ],
  "val_acc": [
    0.0,
    0.0,
    0.0,
    0.0,
    0.0,
    0.0,
    0.0,
    0.0,
    0.0,
    0.0
  ]
}