{
  "train_loss": [
    1.3920101148409973,
    0.8064668056904449,
    0.7493069801980847,
    0.6925316196661959,
    0.6521513719356616
  ],
  "train_acc": [
    0.572631037337783,
    0.6584396361337124,
    0.6824358967390812,
    0.7042200445321318,
    0.7196794701074894
  ],
  "val_loss": [
    0.0,
    0.0,
    0.0,
    0.0,
    0.0
  ],
  "val_acc": [
    0.0,
    0.0,
    0.0,
    0.0,
    0.0
  ]
}