{
  "train_loss": [
    15.02876257719817,
    6.020603900485568,
    6.788160553684941,
    3.907416333975615,
    3.6685505089936434,
    2.9783058343110262,
    2.723682677304303,
    2.0609055324837016,
    2.080925801948265,
    1.5051013390223185,
    1.2454788631863065,
    1.1746373662242182,
    1.3262777032675566,
    1.3501745970160872,
    1.0447957943986963
  ],
  "train_acc": [
    0.6037037037037037,
    0.4777777777777778,
    0.3888888888888889,
    0.48518518518518516,
    0.5444444444444444,
    0.5740740740740741,
    0.5666666666666667,
    0.562962962962963,
    0.5851851851851851,
    0.6370370370370371,
    0.7,
    0.6777777777777778,
    0.6592592592592592,
    0.5925925925925926,
    0.6962962962962963
  ],
  "val_loss": [
    0.0,
    0.0,
    0.0,
    0.0,
    0.0,
    0.0,
    0.0,
    0.0,
    0.0,
    0.0,
    0.0,
    0.0,
    0.0,
    0.0,
    0.0
  ],
  "val_acc": [
    0.0,
    0.0,
    0.0,
    0.0,
    0.0,
    0.0,
    0.0,
    0.0,
    0.0,
    0.0,
    0.0,
    0.0,
    0.0,
    0.0,
    0.0
  ]
}