{
  "train_loss": [
    0.2641005330974463,
    0.15402500834721644,
    0.14644615157361407,
    0.1386447049965692,
    0.13568090614417147,
    0.13106477594558388,
    0.1299447573693874,
    0.1270131643289557,
    0.1243606536095881,
    0.12439592164385854
  ],
  "train_acc": [
    0.8801808130478604,
    0.9394642802602242,
    0.9420604135487615,
    0.9451452307504352,
    0.947099966402981,
    0.9484133044195351,
    0.9491463302892398,
    0.9509483522189304,
    0.9517730063223482,
    0.9510094377080724
  ],
  "val_loss": [
    0.0,
    0.0,
    0.0,
    0.0,
    0.0,
    0.0,
    0.0,
    0.0,
    0.0,
    0.0
  ],
  "val_acc": [
    0.0,
    0.0,
    0.0,
    0.0,
    0.0,
    0.0,
    0.0,
    0.0,
    0.0,
    0.0
  ]
}