{
  "train_loss": [
    13.581860925774825,
    15.012665758634869,
    10.31278936084948,
    10.12825192702444,
    7.801743179120516,
    6.7912432610361195,
    5.769571240073756,
    5.493404968663266,
    5.622005320097271,
    4.4245447520205845
  ],
  "train_acc": [
    0.511578947368421,
    0.5789473684210527,
    0.5810526315789474,
    0.5263157894736842,
    0.5431578947368421,
    0.5621052631578948,
    0.5642105263157895,
    0.52,
    0.511578947368421,
    0.5494736842105263
  ],
  "val_loss": [
    0.0,
    0.0,
    0.0,
    0.0,
    0.0,
    0.0,
    0.0,
    0.0,
    0.0,
    0.0
  ],
  "val_acc": [
    0.0,
    0.0,
    0.0,
    0.0,
    0.0,
    0.0,
    0.0,
    0.0,
    0.0,
    0.0
  ]
}