{
  "train_loss": [
    1.1471979315851775,
    1.078208132528923,
    1.0292631093884859,
    0.9735888309881721,
    0.926312977159527,
    0.8776600394450443,
    0.8303869215535445,
    0.7918374429286366,
    0.7489138363112866,
    0.7193388888533686,
    0.6872634996830578,
    0.6528752664445152,
    0.6269524240157973,
    0.6047780908329387,
    0.5846749149577718,
    0.5669565771667051,
    0.5488180937901349,
    0.5366419150795735,
    0.5218716016117956,
    0.5122494214857128
  ],
  "train_acc": [
    0.33098591549295775,
    0.3380281690140845,
    0.4295774647887324,
    0.38028169014084506,
    0.6690140845070423,
    0.6690140845070423,
    0.6690140845070423,
    0.7605633802816901,
    0.7887323943661971,
    0.6690140845070423,
    0.7394366197183099,
    0.7323943661971831,
    0.7183098591549296,
    0.7535211267605634,
    0.8028169014084507,
    0.7676056338028169,
    0.823943661971831,
    0.8450704225352113,
    0.8732394366197183,
    0.8309859154929577
  ],
  "val_loss": [
    0.0,
    0.0,
    0.0,
    0.0,
    0.0,
    0.0,
    0.0,
    0.0,
    0.0,
    0.0,
    0.0,
    0.0,
    0.0,
    0.0,
    0.0,
    0.0,
    0.0,
    0.0,
    0.0,
    0.0
  ],
  "val_acc": [
    0.0,
    0.0,
    0.0,
    0.0,
    0.0,
    0.0,
    0.0,
    0.0,
    0.0,
    0.0,
    0.0,
    0.0,
    0.0,
    0.0,
    0.0,
    0.0,
    0.0,
    0.0,
    0.0,
    0.0
  ]
}