{
  "train_loss": [
    13.691326699092471,
    11.69924149743442,
    10.458989616262501,
    7.945387869867785,
    7.001734972986681,
    5.605281630548937,
    4.154096811886491,
    3.4712399068372,
    2.9185898428949817,
    2.550350909233093
  ],
  "train_acc": [
    0.5586206896551724,
    0.543448275862069,
    0.5241379310344828,
    0.5324137931034483,
    0.5406896551724137,
    0.4896551724137931,
    0.5503448275862068,
    0.5889655172413794,
    0.5668965517241379,
    0.5531034482758621
  ],
  "val_loss": [
    0.0,
    0.0,
    0.0,
    0.0,
    0.0,
    0.0,
    0.0,
    0.0,
    0.0,
    0.0
  ],
  "val_acc": [
    0.0,
    0.0,
    0.0,
    0.0,
    0.0,
    0.0,
    0.0,
    0.0,
    0.0,
    0.0
  ]
}