{
  "train_loss": [
    0.6602652878231472,
    0.6079166672073725,
    0.5864223725211494,
    0.5734885843195691,
    0.559999453718441,
    0.548358837636457,
    0.5310698669286986,
    0.5175848623643001,
    0.5042038481602023,
    0.49324669974761104
  ],
  "train_acc": [
    0.5950989345509894,
    0.655738203957382,
    0.6804870624048707,
    0.6951598173515982,
    0.7073668188736681,
    0.71662100456621,
    0.7328767123287672,
    0.7449315068493151,
    0.7540030441400304,
    0.7631354642313546
  ],
  "val_loss": [
    0.0,
    0.0,
    0.0,
    0.0,
    0.0,
    0.0,
    0.0,
    0.0,
    0.0,
    0.0
  ],
  "val_acc": [
    0.0,
    0.0,
    0.0,
    0.0,
    0.0,
    0.0,
    0.0,
    0.0,
    0.0,
    0.0
  ]
}