{
  "train_loss": [
    0.5041196760833089,
    0.43661041902376385,
    0.4154550495805876,
    0.40538486694931963,
    0.3949631507601535,
    0.3882830851716232,
    0.38187091921984323,
    0.3731579438081244,
    0.3743248656725944,
    0.37151248528667996,
    0.3655581525513333,
    0.35877789083498857,
    0.3609424578546665,
    0.35958645165767816,
    0.3573226269494946,
    0.3574136700775106,
    0.34980613961104595,
    0.35466730543541997,
    0.35176661221019107,
    0.3486821780613749
  ],
  "train_acc": [
    0.7352425482174167,
    0.779466199103838,
    0.7888174556789402,
    0.7948568088836937,
    0.8030391583869082,
    0.800506526397818,
    0.806351061757257,
    0.8118059614260666,
    0.8102474186635495,
    0.8092733294369764,
    0.8186245860120787,
    0.8248587570621468,
    0.8170660432495617,
    0.8234950321449445,
    0.8248587570621468,
    0.8297292031950126,
    0.8307032924215858,
    0.8308981102669004,
    0.8338203779466199,
    0.8342100136372492
  ],
  "val_loss": [
    0.0,
    0.0,
    0.0,
    0.0,
    0.0,
    0.0,
    0.0,
    0.0,
    0.0,
    0.0,
    0.0,
    0.0,
    0.0,
    0.0,
    0.0,
    0.0,
    0.0,
    0.0,
    0.0,
    0.0
  ],
  "val_acc": [
    0.0,
    0.0,
    0.0,
    0.0,
    0.0,
    0.0,
    0.0,
    0.0,
    0.0,
    0.0,
    0.0,
    0.0,
    0.0,
    0.0,
    0.0,
    0.0,
    0.0,
    0.0,
    0.0,
    0.0
  ]
}