{
  "train_loss": [
    394.836210017129,
    8.788602494960173,
    0.8123144423663019,
    0.6881142066392234,
    0.6662155592895045,
    0.6224585827093365,
    0.6164778913436625,
    0.6338325845915453,
    0.5797088741481837,
    0.5780355584195886
  ],
  "train_acc": [
    0.6450619898895761,
    0.41023468609675506,
    0.6061453302832613,
    0.7562201700132735,
    0.7626309695275213,
    0.7616425202632099,
    0.7589878279533452,
    0.7613601061876923,
    0.7617272444858652,
    0.7615577960405546
  ],
  "val_loss": [
    0.0,
    0.0,
    0.0,
    0.0,
    0.0,
    0.0,
    0.0,
    0.0,
    0.0,
    0.0
  ],
  "val_acc": [
    0.0,
    0.0,
    0.0,
    0.0,
    0.0,
    0.0,
    0.0,
    0.0,
    0.0,
    0.0
  ]
}