{
  "train_loss": [
    3.9717470691317605,
    3.1595390978313627,
    1.610534281957717,
    1.8829578047706967,
    1.066572640623365,
    1.6656781605311803,
    1.171861898331415,
    1.1361416521526517,
    1.0278380910555522,
    1.1231104249045962
  ],
  "train_acc": [
    0.39285714285714285,
    0.3333333333333333,
    0.27380952380952384,
    0.23809523809523808,
    0.4166666666666667,
    0.3333333333333333,
    0.3333333333333333,
    0.3333333333333333,
    0.44047619047619047,
    0.39285714285714285
  ],
  "val_loss": [
    0.0,
    0.0,
    0.0,
    0.0,
    0.0,
    0.0,
    0.0,
    0.0,
    0.0,
    0.0
  ],
  "val_acc": [
    0.0,
    0.0,
    0.0,
    0.0,
    0.0,
    0.0,
    0.0,
    0.0,
    0.0,
    0.0
  ]
}