{
  "train_loss": [
    0.5367528674129574,
    0.4609258850384576,
    0.44444616072733517,
    0.4335134124161207,
    0.4204922982332582,
    0.41375184226389145,
    0.40705516225921856,
    0.40371650659471214,
    0.39545682435005974,
    0.3850635085501712,
    0.3826204649145865,
    0.37501488292672536,
    0.37623295817445795,
    0.3741583987687216,
    0.3661232327030491,
    0.3687680819865232,
    0.3639165580458504,
    0.3642993739175313,
    0.36376493270287547,
    0.3544686388569889
  ],
  "train_acc": [
    0.715900233826968,
    0.7587685113016368,
    0.7805923616523772,
    0.7879968823070927,
    0.7938425565081839,
    0.7957911145752143,
    0.7930631332813718,
    0.7973499610288387,
    0.7954014029618083,
    0.8070927513639906,
    0.8117692907248636,
    0.8125487139516757,
    0.8117692907248636,
    0.8121590023382697,
    0.818394388152767,
    0.8117692907248636,
    0.8160561184723305,
    0.8246297739672642,
    0.8180046765393608,
    0.8254091971940763
  ],
  "val_loss": [
    0.0,
    0.0,
    0.0,
    0.0,
    0.0,
    0.0,
    0.0,
    0.0,
    0.0,
    0.0,
    0.0,
    0.0,
    0.0,
    0.0,
    0.0,
    0.0,
    0.0,
    0.0,
    0.0,
    0.0
  ],
  "val_acc": [
    0.0,
    0.0,
    0.0,
    0.0,
    0.0,
    0.0,
    0.0,
    0.0,
    0.0,
    0.0,
    0.0,
    0.0,
    0.0,
    0.0,
    0.0,
    0.0,
    0.0,
    0.0,
    0.0,
    0.0
  ]
}