{
  "train_loss": [
    1.3087231348086754,
    0.4235582172072319,
    0.36683522323348483,
    0.3370430716782109,
    0.3206947043760404,
    0.310649413281204,
    0.3076778317736558,
    0.3100972989542876,
    0.29532559576310813,
    0.29667463266460725
  ],
  "train_acc": [
    0.8270128443725784,
    0.8783903346859078,
    0.8821734753028038,
    0.8832107880525979,
    0.8829362052658877,
    0.884858284772859,
    0.8837294444274949,
    0.883820972023065,
    0.8854379595448028,
    0.8844616651920554
  ],
  "val_loss": [
    0.0,
    0.0,
    0.0,
    0.0,
    0.0,
    0.0,
    0.0,
    0.0,
    0.0,
    0.0
  ],
  "val_acc": [
    0.0,
    0.0,
    0.0,
    0.0,
    0.0,
    0.0,
    0.0,
    0.0,
    0.0,
    0.0
  ]
}