{
  "train_loss": [
    1.2802218119243811,
    0.8589238358044374,
    0.6749059565063716,
    0.6230185534285642,
    0.5696354022269128,
    0.5318295379092489,
    0.48051220615585705,
    0.4701328399344005,
    0.4554164186231736,
    0.42725461950187743
  ],
  "train_acc": [
    0.5073463268365818,
    0.6341829085457271,
    0.6944527736131934,
    0.7097451274362818,
    0.7199400299850075,
    0.7361319340329835,
    0.7592203898050974,
    0.7742128935532234,
    0.7883058470764618,
    0.8095952023988006
  ],
  "val_loss": [
    0.0,
    0.0,
    0.0,
    0.0,
    0.0,
    0.0,
    0.0,
    0.0,
    0.0,
    0.0
  ],
  "val_acc": [
    0.0,
    0.0,
    0.0,
    0.0,
    0.0,
    0.0,
    0.0,
    0.0,
    0.0,
    0.0
  ]
}