{
  "train_loss": [
    10.501407178860266,
    5.75480221776129,
    3.563791659271833,
    3.753892227283959,
    2.5229081922364465,
    2.4383157387520504,
    1.647845564536678,
    1.5887889503275308,
    1.209284516214167,
    1.073609124109583,
    1.0515092750197474,
    0.8656116631424543,
    0.8910210387220661,
    0.7017611843868367,
    0.7653907091872206
  ],
  "train_acc": [
    0.5922330097087378,
    0.44660194174757284,
    0.5024271844660194,
    0.5631067961165048,
    0.5679611650485437,
    0.5169902912621359,
    0.6140776699029126,
    0.6310679611650486,
    0.6601941747572816,
    0.6893203883495146,
    0.7135922330097088,
    0.7111650485436893,
    0.720873786407767,
    0.7694174757281553,
    0.75
  ],
  "val_loss": [
    0.0,
    0.0,
    0.0,
    0.0,
    0.0,
    0.0,
    0.0,
    0.0,
    0.0,
    0.0,
    0.0,
    0.0,
    0.0,
    0.0,
    0.0
  ],
  "val_acc": [
    0.0,
    0.0,
    0.0,
    0.0,
    0.0,
    0.0,
    0.0,
    0.0,
    0.0,
    0.0,
    0.0,
    0.0,
    0.0,
    0.0,
    0.0
  ]
}