{
  "train_loss": [
    555.6492978736519,
    65.36267906885999,
    3.3849254586716255,
    0.9026626582248256,
    0.7578699005652647,
    0.7223073557238264,
    0.6769473879258896,
    0.6911861691692173,
    0.6094484675125323,
    0.6272172992576519
  ],
  "train_acc": [
    0.6414931678089573,
    0.6348549506444243,
    0.4223026854605802,
    0.531186689081426,
    0.7545152808310703,
    0.7525755420492263,
    0.7596017069701281,
    0.7538687012371222,
    0.7620587094271305,
    0.7614121298331825
  ],
  "val_loss": [
    0.0,
    0.0,
    0.0,
    0.0,
    0.0,
    0.0,
    0.0,
    0.0,
    0.0,
    0.0
  ],
  "val_acc": [
    0.0,
    0.0,
    0.0,
    0.0,
    0.0,
    0.0,
    0.0,
    0.0,
    0.0,
    0.0
  ]
}