{
  "train_loss": [
    0.6563962127386634,
    0.5983259050989995,
    0.577503313115941,
    0.5579851622869051,
    0.5385222785818373,
    0.5206004625076156,
    0.5036063693352683,
    0.4910260519645518,
    0.4845457518294039,
    0.4799545962756902
  ],
  "train_acc": [
    0.5946894020350323,
    0.6656832225990801,
    0.6921665195372392,
    0.7116108349207824,
    0.7253403335966175,
    0.7426474004553268,
    0.7523347117037588,
    0.7637411141569483,
    0.7683408446777865,
    0.7699437810714119
  ],
  "val_loss": [
    0.0,
    0.0,
    0.0,
    0.0,
    0.0,
    0.0,
    0.0,
    0.0,
    0.0,
    0.0
  ],
  "val_acc": [
    0.0,
    0.0,
    0.0,
    0.0,
    0.0,
    0.0,
    0.0,
    0.0,
    0.0,
    0.0
  ]
}