{
  "train_loss": [
    1.4104286384428881,
    0.3455097313226142,
    0.1763880807856195,
    0.12118668666117081,
    0.09770935467882469
  ],
  "train_acc": [
    0.6537785588752196,
    0.9127123608670181,
    0.958406561218512,
    0.971294669009959,
    0.974223784417106
  ],
  "val_loss": [
    0.0,
    0.0,
    0.0,
    0.0,
    0.0
  ],
  "val_acc": [
    0.0,
    0.0,
    0.0,
    0.0,
    0.0
  ]
}