{
  "train_loss": [
    8.791664130599411,
    5.3662659221225315,
    3.356225511762831,
    2.552580252400151,
    2.1355509916941324,
    1.6605868339538574,
    1.5025348274796098,
    0.9848724921544393,
    0.8744050299679792,
    0.846074973653864,
    0.7936585205572623,
    0.5887325317771347,
    0.6142691930135091,
    0.5732676113093341,
    0.5741500170142563
  ],
  "train_acc": [
    0.5425925925925926,
    0.44074074074074077,
    0.512962962962963,
    0.5518518518518518,
    0.562962962962963,
    0.6296296296296297,
    0.6314814814814815,
    0.674074074074074,
    0.7240740740740741,
    0.7111111111111111,
    0.7444444444444445,
    0.7648148148148148,
    0.7555555555555555,
    0.7796296296296297,
    0.7944444444444444
  ],
  "val_loss": [
    0.0,
    0.0,
    0.0,
    0.0,
    0.0,
    0.0,
    0.0,
    0.0,
    0.0,
    0.0,
    0.0,
    0.0,
    0.0,
    0.0,
    0.0
  ],
  "val_acc": [
    0.0,
    0.0,
    0.0,
    0.0,
    0.0,
    0.0,
    0.0,
    0.0,
    0.0,
    0.0,
    0.0,
    0.0,
    0.0,
    0.0,
    0.0
  ]
}