{
  "train_loss": [
    322.4763136908125,
    2.5229148535872947,
    0.7280388853797065,
    0.6613543635439895,
    0.622418806063142,
    0.5952397318653933,
    0.5717717309563748,
    0.5608452895650649,
    0.5639337606182278,
    0.5519487308287904
  ],
  "train_acc": [
    0.640617254682213,
    0.46494536520183627,
    0.7535722752645532,
    0.7614819284898381,
    0.7624948813552016,
    0.762020733205457,
    0.7620853897713313,
    0.7626672988641997,
    0.7627104032414491,
    0.7632707601456928
  ],
  "val_loss": [
    0.0,
    0.0,
    0.0,
    0.0,
    0.0,
    0.0,
    0.0,
    0.0,
    0.0,
    0.0
  ],
  "val_acc": [
    0.0,
    0.0,
    0.0,
    0.0,
    0.0,
    0.0,
    0.0,
    0.0,
    0.0,
    0.0
  ]
}