{
  "train_loss": [
    2.4943708985065567,
    1.1350360648304978,
    1.0115439052814694
  ],
  "train_acc": [
    0.4308283208928183,
    0.48607507790419596,
    0.5585767084571346
  ],
  "val_loss": [
    0.0,
    0.0,
    0.0
  ],
  "val_acc": [
    0.0,
    0.0,
    0.0
  ]
}