{
  "train_loss": [
    0.6738903473003233,
    0.629255587879745,
    0.6050395529708725,
    0.5932168793745856,
    0.5819778686611481,
    0.5733543846685082,
    0.5633841049010407,
    0.556406059648082,
    0.550486134504101,
    0.5415181782655167
  ],
  "train_acc": [
    0.5762207870650002,
    0.6313710913906054,
    0.6607814895692979,
    0.6758351530920411,
    0.6865213957162105,
    0.6958602425312457,
    0.7064535613065093,
    0.7091948148492311,
    0.7169539562328672,
    0.7259675695767319
  ],
  "val_loss": [
    0.0,
    0.0,
    0.0,
    0.0,
    0.0,
    0.0,
    0.0,
    0.0,
    0.0,
    0.0
  ],
  "val_acc": [
    0.0,
    0.0,
    0.0,
    0.0,
    0.0,
    0.0,
    0.0,
    0.0,
    0.0,
    0.0
  ]
}